{"returns": [13.633447911848338, 12.762048721952187, 17.135388540322356, 25.688235319353332, 39.1931912055382, 12.957994237161643, 16.165522231674142, 38.99036449052801, 6.801887583013117, 31.75644424062177], "lengths": [15, 15, 19, 28, 40, 14, 19, 40, 8, 34], "crashes": [1, 1, 1, 1, 0, 1, 1, 0, 1, 1], "lane_changes": [4, 6, 3, 4, 10, 3, 4, 12, 3, 12]}