{"returns": [27.46081464807369, 27.35825238709506, 27.894148001393457, 26.79345936194741, 28.291478741741674, 28.091477466418414, 27.89412501110258, 25.260814668060114, 27.9933454697813, 28.260813983658856], "lengths": [40, 40, 40, 40, 40, 40, 40, 37, 40, 40], "crashes": [0, 0, 0, 0, 0, 0, 0, 1, 0, 0], "lane_changes": [33, 27, 16, 21, 38, 20, 4, 0, 38, 33], "avg_velocities": [20.025763751306364, 20.025763751306364, 20.025763751306364, 20.025763751306364, 20.025763751306364, 20.025763751306364, 20.025763751306364, 19.820804384486717, 20.025763751306364, 20.025763751306364]}