{"returns": [28.19334546978131, 27.694143996431965, 26.694148001393476, 27.958144133085078, 28.027481331311332, 28.560814668060086, 27.227481334726793, 27.760677524849694, 27.92556632494464, 28.093459361947378], "lengths": [40, 40, 40, 40, 40, 40, 40, 40, 40, 40], "crashes": [0, 0, 0, 0, 0, 0, 0, 0, 0, 0], "lane_changes": [34, 12, 25, 39, 31, 5, 19, 17, 37, 1], "avg_velocities": [20.025763751306364, 20.025763751306364, 20.025763751306364, 20.025763751306364, 20.025763751306364, 20.025763751306364, 20.025763751306364, 20.025763751306364, 20.025763751306364, 20.025763751306364]}