{"returns": [37.56776132925909, 39.18740448415114, 38.63494275784977, 39.35163505261064, 39.50077907724172, 39.45395090656634, 23.47919419265367, 38.851883674953115, 38.93621177245766, 36.681043488858], "lengths": [40, 40, 40, 40, 40, 40, 25, 40, 40, 40], "crashes": [0, 0, 0, 0, 0, 0, 1, 0, 0, 0], "lane_changes": [13, 12, 14, 9, 10, 11, 9, 15, 11, 10], "avg_velocities": [28.481151526054607, 29.769113798808142, 29.45873145207006, 29.70357288357882, 29.833731452070055, 29.963316846284492, 29.05603846968974, 29.675632736611487, 29.46552592584103, 27.691458224789784]}