{"returns": [31.360814668060126, 29.790887209599557, 29.49435192944036, 31.227481334726793, 31.657813341132172, 29.39336052699113, 31.625982409692227, 29.098968132370995, 29.62748133472677, 30.96081466806013], "lengths": [40, 40, 40, 40, 40, 40, 40, 39, 40, 40], "crashes": [0, 0, 0, 0, 0, 0, 0, 1, 0, 0], "lane_changes": [25, 37, 2, 24, 26, 19, 17, 4, 0, 18], "avg_velocities": [21.900763751306364, 20.525763751306364, 21.621478223168076, 21.775763751306364, 22.52576375130636, 20.400763751306364, 22.150763751306364, 23.006588274137712, 21.525763751306364, 21.52576375130636]}