{"returns": [29.288250333667445, 29.021829120145338, 29.060814668056803, 29.360814668060133, 30.65877172079813, 29.894148001393464, 28.95814413363941, 29.258253071466786, 29.292233009641443, 29.49414800139347], "lengths": [40, 40, 40, 40, 40, 40, 40, 40, 40, 40], "crashes": [0, 0, 0, 0, 0, 0, 0, 0, 0, 0], "lane_changes": [14, 18, 13, 38, 2, 13, 15, 8, 7, 5], "avg_velocities": [20.275763751306364, 20.650763751306364, 20.400763751306364, 20.025763751306364, 21.650763751306364, 20.525763751306364, 20.025763751306364, 20.025763751306364, 20.025763751306364, 20.150763751306364]}