{"returns": [29.125977061460844, 26.725589758642148, 27.660814667476473, 28.6593103947942, 28.460814668060124, 29.360814668060133, 29.492643728127543, 28.525589758642138, 29.060791248971622, 29.327481334726787], "lengths": [40, 40, 40, 40, 40, 40, 40, 40, 40, 40], "crashes": [0, 0, 0, 0, 0, 0, 0, 0, 0, 0], "lane_changes": [22, 1, 9, 11, 17, 0, 1, 15, 2, 2], "avg_velocities": [20.150763751306364, 20.025763751306364, 20.025763751306364, 20.150763751306364, 20.025763751306364, 20.025763751306364, 20.150763751306364, 20.025763751306364, 20.025763751306364, 20.025763751306364]}