{"returns": [32.36081466804307, 31.092256508131868, 30.492729687542656, 30.959319419645166, 29.892264443453694, 29.791476610661785, 30.992256494986126, 30.29332283497758, 28.192643728127514, 32.05815843368494], "lengths": [40, 40, 40, 40, 40, 40, 40, 40, 40, 40], "crashes": [0, 0, 0, 0, 0, 0, 0, 0, 0, 0], "lane_changes": [3, 1, 5, 2, 1, 3, 2, 0, 2, 4], "avg_velocities": [22.90076375130636, 22.025763751306364, 21.12124680570351, 21.525763751306364, 22.025763751306364, 20.900763751306364, 21.77576375130636, 20.89999015779147, 20.150763751306364, 23.15076375130636]}