{"returns": [29.69331903026231, 30.692649056023168, 27.624919718147027, 27.860814668060137, 29.527481314724028, 29.224047865171322, 29.35891900764237, 28.090789758295106, 28.092620737832537, 29.49414800139347], "lengths": [40, 40, 40, 40, 40, 40, 40, 40, 40, 40], "crashes": [0, 0, 0, 0, 0, 0, 0, 0, 0, 0], "lane_changes": [9, 7, 10, 4, 4, 29, 22, 2, 21, 39], "avg_velocities": [22.77576375128998, 21.275763751306364, 20.025763751306364, 20.025763751306364, 21.150763751306364, 20.150763751306364, 20.15076366039727, 20.150763751306364, 20.150763751306364, 20.150763751306364]}