{"returns": [31.392071040645817, 29.68874912063955, 32.12624073846029, 30.16081466806013, 31.15931760396385, 32.96081466739667, 30.336864214968564, 33.823785394325036, 31.27652033240633, 30.960814668060124], "lengths": [40, 40, 40, 40, 40, 40, 40, 40, 40, 40], "crashes": [0, 0, 0, 0, 0, 0, 0, 0, 0, 0], "lane_changes": [17, 7, 26, 10, 6, 13, 3, 9, 6, 0], "avg_velocities": [22.525738776523916, 21.270719652580734, 22.77576375130636, 20.775763751306364, 21.775763747666684, 23.40076375068438, 20.975117193839814, 24.620747817887786, 22.604391344054992, 21.525763751306364]}