{"returns": [29.360814668060133, 29.492643728127543, 28.727481331311374, 29.492643728127543, 29.590881096185704, 29.193349186180217, 29.492643728127543, 29.2593103947942, 29.492643728127543, 29.492643728127543], "lengths": [40, 40, 40, 40, 40, 40, 40, 40, 40, 40], "crashes": [0, 0, 0, 0, 0, 0, 0, 0, 0, 0], "lane_changes": [0, 29, 9, 1, 3, 36, 7, 30, 24, 31], "avg_velocities": [20.025763751306364, 20.150763751306364, 20.025763751306364, 20.150763751306364, 20.275763751306364, 20.025763751306364, 20.150763751306364, 20.150763751306364, 20.150763751306364, 20.150763751306364]}