{"returns": [29.360814668060133, 8.125589758542379, 30.56081466806013, 27.09414800139347, 28.16081466806011, 28.960814668060035, 29.258253071466786, 30.858923156385487, 30.15931572268982, 27.227481334726804], "lengths": [40, 12, 40, 40, 40, 40, 40, 40, 40, 40], "crashes": [0, 1, 0, 0, 0, 0, 0, 0, 0, 0], "lane_changes": [0, 1, 1, 0, 0, 0, 4, 1, 1, 4], "avg_velocities": [20.025763751306364, 19.378929006827736, 21.150763751306364, 20.400763751306364, 20.150763751306364, 20.90076375130628, 20.025763751306364, 22.275763751305828, 22.025763751306357, 20.525763751306364]}