{"returns": [29.223911240355676, 29.559319419486584, 27.725977061460867, 32.29632758837663, 28.160810663991583, 28.86081466805964, 29.95728137324163, 28.792643728110487, 29.723987831451527, 27.69136388052166], "lengths": [40, 40, 40, 40, 40, 40, 40, 40, 40, 40], "crashes": [0, 0, 0, 0, 0, 0, 0, 0, 0, 0], "lane_changes": [18, 27, 15, 8, 32, 6, 3, 27, 18, 36], "avg_velocities": [22.15076375130323, 20.525763751306364, 20.150763751306364, 23.874354978244888, 20.150763751306364, 20.025763751306364, 21.775634666304036, 20.150763751306364, 21.150763751306364, 20.400763751306364]}