{"returns": [29.32558975864214, 28.027481334726776, 29.193349186180217, 29.492643728127543, 29.360814668060133, 26.760126028614078, 29.492643728127543, 28.027481334726776, 27.66081466806013, 29.258253071466786], "lengths": [40, 40, 40, 40, 40, 40, 40, 40, 40, 40], "crashes": [0, 0, 0, 0, 0, 0, 0, 0, 0, 0], "lane_changes": [3, 0, 38, 39, 29, 1, 35, 0, 1, 10], "avg_velocities": [20.025763751306364, 20.025763751306364, 20.025763751306364, 20.150763751306364, 20.025763751306364, 20.025763751306364, 20.150763751306364, 20.025763751306364, 20.025763751306364, 20.025763751306364]}