{"returns": [31.692651320813706, 31.424745301044602, 15.359318843204735, 11.214880718806445, 32.47006520594701, 31.622253914269667, 31.157822312553105, 33.68680460373965, 32.2679412246228, 10.792652743799197], "lengths": [40, 40, 20, 15, 40, 40, 40, 40, 38, 15], "crashes": [0, 0, 1, 1, 0, 0, 0, 0, 1, 1], "lane_changes": [1, 18, 1, 1, 2, 13, 2, 7, 2, 1], "avg_velocities": [22.65076375130636, 24.025763751306357, 23.182168598445674, 23.457606564539738, 23.47486444660037, 23.150763002690887, 21.900763751306364, 24.525763641131455, 25.768632756767957, 21.785291670955743]}