{"returns": [32.92230053395007, 31.99086781229498, 9.792907747317477, 26.185940176913764, 29.022606834392125, 28.89138100672987, 4.892747853027758, 32.38636190310595, 34.351654708957014, 32.189506730824654], "lengths": [40, 40, 14, 33, 40, 40, 7, 40, 40, 40], "crashes": [0, 0, 1, 1, 0, 0, 1, 0, 0, 0], "lane_changes": [4, 2, 1, 6, 27, 31, 1, 6, 5, 7], "avg_velocities": [24.024885941127202, 22.525745534481715, 21.764086908258438, 23.67962068351854, 22.025763751306364, 22.025741692198196, 23.029612588970235, 23.650738153635007, 25.274904245052888, 23.77563572760887]}