{"returns": [29.993238729769324, 28.356371223329447, 29.569422747218955, 28.617540884738315, 30.82108549082569, 29.390881096942348, 30.92128969030041, 29.026678803114642, 29.519797527282527, 28.67010874827221], "lengths": [40, 40, 40, 40, 40, 40, 40, 40, 40, 40], "crashes": [0, 0, 0, 0, 0, 0, 0, 0, 0, 0], "lane_changes": [26, 5, 18, 26, 17, 22, 15, 36, 14, 7], "avg_velocities": [21.025763751306364, 20.275763751306364, 21.474386791854478, 21.022109757707085, 22.6507637507436, 20.400763751306364, 22.40076366038175, 20.275763751306364, 21.15076375128773, 21.504402721974905]}