{"returns": [29.492643728127543, 29.424047865171325, 29.492643728127543, 29.492643728127543, 29.360814668060133, 17.59264304473077, 29.39195504835318, 29.360814668060133, 29.492643728127543, 28.425589758641646], "lengths": [40, 40, 40, 40, 40, 25, 40, 40, 40, 40], "crashes": [0, 0, 0, 0, 0, 1, 0, 0, 0, 0], "lane_changes": [17, 31, 1, 1, 0, 2, 2, 21, 1, 37], "avg_velocities": [20.150763751306364, 20.150763751306364, 20.150763751306364, 20.150763751306364, 20.025763751306364, 19.842511462294986, 20.150763751306364, 20.025763751306364, 20.150763751306364, 20.025763751306364]}