{"returns": [28.694148001393472, 27.89414800139014, 27.69401462449371, 29.425453416539106, 29.060110483855333, 28.527481334709762, 29.3222110229782, 29.857455741565317, 31.092495517527052, 29.72422054293289], "lengths": [40, 40, 40, 40, 40, 40, 40, 40, 40, 40], "crashes": [0, 0, 0, 0, 0, 0, 0, 0, 0, 0], "lane_changes": [0, 0, 2, 3, 3, 2, 9, 3, 1, 2], "avg_velocities": [21.900763751306364, 21.150763751303252, 20.275763751306364, 20.150763751306364, 20.775763751306357, 20.025763751306364, 22.025763751306354, 20.650763751306357, 21.65061634311254, 20.400763751306364]}