{"returns": [29.32558975864214, 29.894148001393454, 28.85889912077908, 29.192652753005408, 31.227481334726793, 28.99225649234965, 28.42748133461341, 27.736668120626472, 30.123326620147612, 29.758011138252282], "lengths": [40, 40, 40, 40, 40, 40, 40, 40, 40, 40], "crashes": [0, 0, 0, 0, 0, 0, 0, 0, 0, 0], "lane_changes": [39, 0, 14, 16, 5, 2, 0, 6, 4, 18], "avg_velocities": [20.025763751306364, 23.02576375130636, 21.775763751306354, 20.900763751306364, 21.775763751306364, 20.400763751306364, 21.650763751200067, 20.725117193839814, 21.525763751306364, 20.650763751306364]}