{"returns": [34.92546746935848, 36.58041169913098, 38.379199716373186, 38.66054662551061, 36.74498622264177, 38.16543231561459, 38.90169293863631, 38.78747929811694, 38.72858166898634, 39.20725169574596], "lengths": [40, 40, 40, 40, 38, 40, 40, 40, 40, 40], "crashes": [0, 0, 0, 0, 1, 0, 0, 0, 0, 0]}